,Usia,Gender,Gaji,Tingkat Pendidikan,Pengalaman Kerja,Skor Kinerja,Departemen,Kota,Produktivitas
0,51,0,5247,S1,6,89,Finance,Sukabumi,57.47
1,46,0,5435,SMA,24,26,IT,Karawang,71.02
2,44,0,10356,S1,25,60,Finance,Karawang,63.61
3,53,0,11184,SMA,5,58,Marketing,Bandung,74.31
4,32,0,4170,S1,13,80,Production,Karawang,70.08
5,44,1,9463,D3,26,66,HR,Bekasi,76.38
6,42,1,10689,SMA,1,39,HR,Karawang,87.13
7,47,0,14519,S1,6,4,Production,Sukabumi,73.51
8,60,0,9425,D3,42,96,HR,Bogor,64.77
9,45,1,9897,S2,26,23,Marketing,Bekasi,84.49
10,24,1,8300,S1,4,65,Finance,Bogor,93.67
11,35,1,13904,S1,0,88,HR,Bogor,64.34
12,32,0,13439,SMA,13,17,Finance,Bogor,85.57
13,52,0,11750,S1,30,32,Production,Sukabumi,81.29
14,27,0,4283,D3,8,45,Marketing,Bogor,70.7
15,36,0,3805,D3,17,2,Marketing,Sukabumi,65.08
16,38,0,8040,D3,2,78,Finance,Sukabumi,94.97
17,55,1,8093,S2,3,9,Marketing,Bekasi,77.53
18,46,0,3649,S1,7,92,Marketing,Bogor,77.86
19,46,1,10293,S1,25,63,Marketing,Bogor,96.55
20,23,0,4671,S1,0,75,HR,Karawang,68.03
21,52,0,8723,S1,6,43,Marketing,Sukabumi,67.79
22,20,1,3166,S1,0,40,Production,Bekasi,87.96
23,41,1,5816,S2,14,7,Production,Bekasi,78.92
24,32,1,5769,S1,13,45,Production,Bandung,76.21
25,24,1,7452,SMA,6,27,Production,Bekasi,77.4
26,57,0,9436,S1,7,16,IT,Bandung,83.19
27,53,1,8602,S2,5,42,Finance,Bogor,68.5
28,20,0,14049,SMA,0,5,Production,Bandung,66.35
29,55,0,6283,S1,30,32,HR,Karawang,59.45
30,41,0,4591,D3,10,64,Marketing,Karawang,57.36
31,30,0,9411,S1,9,52,Finance,Sukabumi,80.19
32,20,1,11494,S2,1,12,Finance,Bogor,97.62
33,29,1,14306,S2,9,40,HR,Karawang,55.63
34,37,1,12293,S1,8,57,IT,Sukabumi,94.05
35,55,0,10829,SMA,4,73,Production,Bandung,81.39
36,54,1,10261,SMA,4,28,Production,Bandung,85.78
37,29,0,4458,D3,10,53,IT,Bogor,74.25
38,56,1,10874,D3,33,25,Finance,Bogor,69.52
39,59,1,3574,S2,38,64,Finance,Bogor,60.72
40,59,1,12486,S2,18,14,HR,Bekasi,68.61
41,40,0,8070,S1,1,20,Finance,Bogor,79.45
42,52,0,14431,SMA,16,55,IT,Sukabumi,61.42
43,24,0,7431,SMA,5,72,Marketing,Sukabumi,61.98
44,24,0,8868,S1,5,100,HR,Bandung,71.25
45,44,0,11206,S2,9,29,HR,Bogor,63.4
46,59,1,10256,S2,29,29,Marketing,Bogor,90.07
47,51,0,3380,SMA,20,54,Production,Bekasi,67.11
48,18,1,4970,S2,0,42,Finance,Karawang,83.12
49,50,0,5506,S2,18,3,IT,Bogor,83.21
50,50,0,5705,S1,7,87,Finance,Bandung,70.66
51,36,0,12505,SMA,17,16,Production,Karawang,60.94
52,50,0,13215,SMA,19,82,Finance,Bandung,84.3
53,52,0,14537,S1,8,21,Finance,Bandung,64.46
54,44,1,8700,S1,20,33,HR,Bandung,76.23
55,24,1,14184,S1,2,20,Marketing,Bogor,63.66
56,24,1,7799,S2,1,98,Finance,Karawang,78.84
57,19,1,8454,S2,1,18,Marketing,Karawang,68.22
58,54,1,11458,S2,25,18,Marketing,Karawang,72.22
59,54,1,14288,S1,4,15,HR,Bekasi,64.58
60,30,1,7933,D3,3,55,IT,Bogor,65.58
61,25,1,10209,SMA,0,74,Marketing,Sukabumi,77.04
62,42,1,6125,D3,7,62,HR,Bekasi,90.0
63,32,1,4269,S1,2,16,Finance,Bekasi,57.41
64,58,1,9662,D3,30,76,Marketing,Sukabumi,80.47
65,50,1,6493,S2,4,89,Production,Bekasi,75.8
66,50,1,13639,D3,16,60,Production,Karawang,70.53
67,21,1,10741,S2,2,88,Production,Sukabumi,86.82
68,36,0,11492,D3,11,70,Marketing,Karawang,76.19
69,60,0,8987,SMA,2,70,Finance,Karawang,63.87
70,23,1,13558,S1,2,89,Marketing,Bogor,67.85
71,23,0,12949,SMA,4,32,IT,Bekasi,79.56
72,22,1,4873,SMA,2,56,IT,Sukabumi,63.61
73,36,1,5949,S1,16,70,IT,Bogor,80.74
74,53,1,4285,D3,11,86,IT,Sukabumi,60.17
75,31,0,9519,S2,1,76,IT,Bogor,88.07
76,51,0,14702,S1,33,86,IT,Bandung,69.33
77,56,1,10201,S2,2,73,IT,Bogor,75.38
78,57,0,4924,D3,38,0,Production,Bekasi,78.74
79,28,1,4386,SMA,9,19,Marketing,Bekasi,86.42
80,51,1,13153,SMA,15,65,HR,Bogor,73.31
81,20,1,8721,S2,2,27,Marketing,Bandung,73.46
82,20,0,5808,D3,2,85,HR,Bogor,83.91
83,22,0,3614,D3,1,10,IT,Sukabumi,74.57
84,27,0,4735,SMA,4,58,Marketing,Bandung,90.61
85,58,0,11857,D3,6,80,IT,Bogor,86.28
86,24,0,9105,S2,2,74,Marketing,Sukabumi,64.68
87,22,0,14617,S1,3,66,Marketing,Bekasi,77.91
88,45,0,9244,S2,16,33,Finance,Bogor,79.52
89,55,1,13438,D3,11,22,Production,Sukabumi,75.38
90,19,0,14268,SMA,1,26,IT,Bekasi,63.61
91,43,1,8086,D3,0,94,Finance,Karawang,65.49
92,24,0,7731,S2,6,63,Production,Bandung,74.36
93,30,0,7258,D3,11,71,Marketing,Sukabumi,75.73
94,54,0,12755,SMA,33,92,Finance,Bekasi,75.32
95,29,0,11482,SMA,5,69,Production,Bogor,71.08
96,50,0,10452,S2,2,71,Marketing,Bandung,73.98
97,44,0,12929,S2,16,37,HR,Sukabumi,70.38
98,38,0,6671,S1,3,4,Marketing,Sukabumi,80.97
99,41,1,7701,S2,13,69,Finance,Bandung,75.62
100,28,1,5160,SMA,1,89,IT,Bekasi,49.41
101,25,1,11472,SMA,4,75,IT,Bogor,65.84
102,18,0,7413,D3,0,74,Finance,Karawang,72.23
103,53,1,6734,D3,0,31,Marketing,Bogor,67.73
104,58,1,11094,D3,35,51,Marketing,Bandung,86.74
105,20,1,9435,S2,2,56,Marketing,Bogor,75.25
106,41,0,5825,S1,15,18,Production,Bandung,90.29
107,29,1,5743,D3,11,40,IT,Bogor,83.61
108,53,0,4509,S1,2,44,HR,Karawang,72.73
109,20,1,8088,SMA,2,32,Finance,Bekasi,77.47
110,24,1,6951,S1,6,74,Production,Sukabumi,69.81
111,20,1,7968,S2,1,97,Marketing,Bekasi,56.66
112,51,1,6250,D3,6,94,Marketing,Bekasi,81.29
113,32,1,12079,SMA,2,93,Production,Bekasi,70.84
114,58,1,6164,S1,4,61,IT,Bandung,69.93
115,52,1,6213,S1,26,82,Marketing,Bandung,75.85
116,26,0,6151,S1,0,84,HR,Sukabumi,62.0
117,31,0,10112,S1,2,65,IT,Sukabumi,57.13
118,55,0,6398,S2,10,5,Marketing,Sukabumi,79.96
119,47,1,11155,S1,25,7,Finance,Sukabumi,80.53
120,18,0,11158,SMA,0,58,HR,Bogor,72.55
121,41,0,14599,D3,4,55,Finance,Bogor,69.67
122,33,1,9752,S2,6,20,IT,Bandung,72.09
123,30,0,14907,SMA,6,93,Marketing,Bekasi,84.43
124,53,0,14785,SMA,28,10,IT,Bekasi,47.44
125,20,0,7190,S2,2,32,Finance,Sukabumi,62.37
126,53,0,4779,S1,23,74,Production,Bekasi,70.0
127,19,1,14500,S2,1,92,IT,Karawang,86.82
128,32,1,3936,S2,1,67,Finance,Bekasi,73.68
129,60,1,8601,D3,0,19,HR,Sukabumi,76.07
130,42,0,4298,SMA,11,51,HR,Bandung,62.88
131,35,1,5199,S1,7,74,Production,Karawang,67.24
132,57,1,12237,S1,36,76,Finance,Sukabumi,82.84
133,37,0,10346,S2,11,32,Marketing,Sukabumi,76.01
134,39,1,4580,S2,7,27,Marketing,Sukabumi,88.77
135,26,1,8262,SMA,5,8,Marketing,Bekasi,78.6
136,38,0,8289,S1,20,67,IT,Bekasi,72.65
137,30,0,9965,D3,12,19,HR,Bogor,71.28
138,26,0,8886,SMA,6,69,Marketing,Bandung,74.19
139,38,1,9222,SMA,0,8,IT,Karawang,83.18
140,19,0,9880,SMA,1,9,Marketing,Bogor,96.71
141,25,0,11538,S2,4,75,Production,Karawang,68.37
142,50,0,4092,S1,26,99,Production,Karawang,82.59
143,44,1,12672,D3,10,29,HR,Bekasi,70.06
144,50,1,11912,S2,18,95,Production,Bogor,90.82
145,37,1,13113,D3,6,13,Marketing,Karawang,67.57
146,49,1,12637,D3,27,14,Finance,Bandung,70.48
147,30,0,4491,S2,1,14,Production,Bekasi,71.95
148,52,1,4284,D3,31,15,IT,Sukabumi,85.07
149,47,0,9909,SMA,15,81,IT,Sukabumi,77.26
150,35,0,4682,S1,0,61,HR,Sukabumi,64.17
151,40,0,10902,SMA,1,39,IT,Bogor,84.5
152,22,0,5367,SMA,1,57,Finance,Karawang,76.54
153,59,0,11039,D3,27,80,Production,Sukabumi,60.68
154,57,0,13852,SMA,3,3,Production,Karawang,61.17
155,51,1,4219,D3,33,71,IT,Sukabumi,86.09
156,42,0,4261,SMA,19,99,Production,Bogor,78.6
157,51,1,4395,SMA,29,21,IT,Bekasi,74.91
158,49,1,14043,S2,14,43,HR,Bandung,78.39
159,28,1,13305,S1,9,4,Finance,Sukabumi,54.67
160,36,1,5592,S2,18,18,HR,Sukabumi,78.39
161,32,1,13385,S2,3,53,IT,Bogor,68.2
162,35,0,4771,SMA,11,27,Marketing,Bandung,78.51
163,53,1,5054,S2,22,8,Production,Karawang,69.51
164,37,0,13078,S1,11,58,Production,Bogor,61.27
165,47,1,10228,S2,4,51,Marketing,Bandung,78.18
166,44,1,3551,SMA,22,50,IT,Bekasi,53.35
167,21,1,5898,S1,1,69,Production,Karawang,81.45
168,20,1,10766,SMA,1,49,IT,Bogor,88.4
169,50,1,10809,S1,20,92,Production,Sukabumi,85.73
170,56,0,14209,SMA,22,19,Production,Bekasi,84.39
171,29,1,14685,S1,11,99,IT,Bogor,70.96
172,33,0,4984,S1,9,53,IT,Karawang,76.79
173,56,1,3368,D3,14,38,Production,Bandung,92.16
174,40,1,10671,S2,3,53,HR,Bekasi,77.12
175,50,1,3547,SMA,30,6,IT,Bandung,60.07
176,48,0,3361,SMA,19,0,HR,Karawang,57.2
177,32,1,8379,S2,0,20,HR,Bekasi,87.65
178,23,1,5199,S2,0,37,Marketing,Bekasi,82.96
179,50,0,9465,S1,19,91,IT,Sukabumi,64.83
180,23,1,4647,S2,0,3,Finance,Bandung,75.62
181,19,1,9246,D3,1,31,HR,Bekasi,79.2
182,39,0,4039,S2,9,54,IT,Bogor,81.6
183,27,1,13295,D3,8,100,Finance,Bekasi,58.87
184,42,1,12915,S2,23,51,IT,Bandung,73.75
185,36,1,3866,D3,11,11,Finance,Bandung,78.05
186,29,0,14027,S2,5,77,Marketing,Bogor,77.26
187,40,0,7469,S2,8,71,HR,Sukabumi,84.47
188,52,0,4632,S2,14,85,Marketing,Bekasi,60.46
189,30,1,9201,D3,2,0,Finance,Sukabumi,67.66
190,18,0,11295,D3,0,37,Finance,Karawang,79.65
191,36,0,8446,S2,13,7,IT,Bekasi,80.52
192,51,1,7506,SMA,21,31,HR,Bekasi,72.02
193,46,0,5133,S1,0,58,Finance,Bogor,69.1
194,45,1,7506,SMA,19,9,Production,Bekasi,49.92
195,58,0,9151,S1,2,87,Marketing,Bandung,88.04
196,40,0,14091,D3,6,74,HR,Karawang,81.16
197,26,1,11549,S1,2,83,IT,Bogor,75.99
198,18,1,11885,S1,0,53,Finance,Sukabumi,75.14
199,58,0,12089,S2,21,8,Finance,Bekasi,82.79
200,36,0,9666,S1,7,1,Finance,Bogor,76.11
201,41,0,3903,SMA,0,44,Production,Sukabumi,59.5
202,36,0,7969,SMA,13,19,Marketing,Karawang,70.91
203,39,0,5293,S2,14,89,Marketing,Bogor,68.91
204,36,0,14829,SMA,15,3,HR,Bekasi,73.47
205,36,1,10393,S2,14,63,HR,Bekasi,76.33
206,24,0,8144,SMA,6,31,Finance,Bandung,84.56
207,47,1,8107,S1,6,49,Marketing,Bandung,76.59
208,25,1,9052,SMA,7,99,Production,Bogor,78.69
209,26,1,8332,D3,3,52,Marketing,Bogor,64.02
210,35,0,12399,S2,4,86,HR,Karawang,76.45
211,27,0,12173,SMA,3,65,Finance,Sukabumi,69.97
212,51,0,13861,S1,14,8,Marketing,Bandung,69.21
213,49,1,11149,SMA,29,27,Production,Bogor,64.78
214,38,1,14162,S2,17,34,Marketing,Sukabumi,79.66
215,43,0,8252,S2,18,33,Marketing,Karawang,62.44
216,57,1,10457,S2,16,87,Production,Karawang,65.48
217,53,0,6378,SMA,2,76,IT,Karawang,78.68
218,55,1,12239,SMA,0,97,IT,Bogor,69.83
219,18,1,13928,D3,0,49,Production,Bogor,71.35
220,35,1,7350,SMA,14,15,HR,Bekasi,78.49
221,44,0,12947,S1,4,26,HR,Bekasi,98.43
222,58,0,4701,SMA,29,99,IT,Karawang,84.15
223,53,0,10163,S1,1,66,Production,Sukabumi,98.68
224,27,0,8955,S1,0,82,Production,Karawang,59.18
225,59,1,13620,D3,18,37,Production,Bogor,80.96
226,51,0,11256,D3,13,4,Production,Bekasi,76.76
227,52,1,5808,D3,12,21,HR,Bandung,71.3
228,24,1,8113,S1,4,65,Finance,Bekasi,78.45
229,38,0,12337,S2,1,53,IT,Bekasi,75.22
230,26,0,4296,D3,3,69,Finance,Bekasi,67.6
231,40,0,7536,S2,14,50,Production,Karawang,73.62
232,32,1,8759,S2,12,64,Finance,Bogor,54.15
233,46,0,3550,SMA,28,31,HR,Bogor,84.89
234,20,0,13924,D3,0,13,HR,Bogor,72.77
235,52,0,4311,S2,34,82,Finance,Bogor,77.6
236,40,1,4776,S1,20,88,HR,Bogor,92.69
237,32,0,13901,S2,2,0,HR,Bogor,65.85
238,19,0,5535,S2,1,14,Production,Bekasi,79.71
239,50,1,13127,S2,13,86,IT,Karawang,65.83
240,40,1,6193,S2,17,41,HR,Bekasi,96.55
241,37,1,10198,SMA,0,26,IT,Bandung,78.01
242,52,0,6594,S2,1,50,HR,Bogor,84.81
243,51,0,5415,SMA,21,30,Finance,Karawang,75.77
244,21,0,7354,S1,2,45,Finance,Sukabumi,70.72
245,25,1,5767,SMA,4,49,Marketing,Bandung,84.15
246,25,1,3225,S2,4,5,Production,Bogor,56.05
247,21,0,5310,S1,0,75,Production,Bekasi,79.75
248,49,1,12056,S1,19,19,Marketing,Karawang,64.97
249,36,1,4214,S1,5,2,Marketing,Karawang,62.69
250,19,1,7281,D3,0,38,HR,Bogor,81.91
251,59,0,9877,S2,17,0,Production,Sukabumi,67.79
252,48,0,9249,S1,21,82,Production,Bogor,66.85
253,56,0,8886,SMA,26,21,Finance,Bandung,66.31
254,35,0,8160,S1,2,38,Finance,Sukabumi,88.96
255,37,0,9999,SMA,19,57,HR,Sukabumi,80.6
256,34,0,8868,D3,7,56,IT,Bekasi,80.46
257,45,0,14674,S1,24,30,Finance,Sukabumi,61.37
258,30,0,9754,S2,3,83,Marketing,Bogor,74.03
259,28,1,14297,SMA,4,59,IT,Karawang,92.1
260,42,0,6260,S2,24,78,Production,Bandung,62.67
261,36,0,6817,D3,12,73,Production,Bekasi,83.89
262,31,0,3380,S1,5,44,Marketing,Karawang,88.25
263,55,0,10799,S1,17,59,Production,Bandung,81.33
264,41,1,4142,SMA,18,80,HR,Bogor,59.52
265,22,0,4132,S2,1,47,HR,Bogor,55.82
266,34,0,6252,S1,7,16,IT,Bandung,80.21
267,21,1,14331,D3,3,85,Marketing,Karawang,64.9
268,38,0,14914,S2,3,78,HR,Bandung,68.17
269,26,0,5087,SMA,3,22,IT,Bekasi,65.65
270,59,0,4425,S1,4,21,HR,Bandung,76.06
271,59,1,4637,D3,12,57,Production,Bandung,65.04
272,59,1,12152,S2,36,40,HR,Karawang,87.74
273,31,0,3489,S2,3,82,Production,Sukabumi,80.34
274,53,1,11892,SMA,26,65,Production,Bandung,93.59
275,41,0,13417,S2,23,98,Finance,Bogor,69.45
276,34,0,3404,SMA,16,60,HR,Bekasi,66.93
277,21,1,6787,SMA,1,92,HR,Bogor,67.01
278,52,0,6085,S2,17,16,HR,Bandung,61.83
279,55,0,13328,SMA,26,5,Finance,Karawang,77.1
280,41,0,11482,D3,10,62,Marketing,Karawang,68.54
281,50,0,3155,SMA,21,2,Marketing,Bekasi,90.07
282,49,0,5504,D3,31,36,Finance,Bogor,70.95
283,28,1,14722,S2,3,49,Production,Sukabumi,59.38
284,60,1,5976,D3,15,0,IT,Bogor,58.04
285,37,0,5906,SMA,8,3,HR,Karawang,76.53
286,23,1,8105,SMA,3,65,Production,Bandung,58.52
287,59,0,12629,S1,21,93,Marketing,Bekasi,73.35
288,30,1,12440,D3,8,95,Marketing,Sukabumi,67.67
289,19,1,4467,S1,0,79,Production,Sukabumi,61.87
290,50,1,8591,S1,15,27,Production,Bandung,86.66
291,56,0,12442,SMA,11,73,Finance,Bandung,74.95
292,39,1,4517,S1,4,19,Production,Bekasi,64.07
293,52,0,8887,S1,17,72,HR,Karawang,94.06
294,23,1,11776,D3,2,23,Marketing,Bogor,67.45
295,22,0,10689,D3,4,96,HR,Karawang,51.79
296,27,1,9198,SMA,5,12,IT,Bandung,84.7
297,53,0,7290,S1,19,52,Finance,Bogor,88.09
298,23,1,11706,SMA,2,43,Production,Bogor,83.16
299,58,1,10769,D3,18,17,IT,Bandung,71.78
300,25,1,10955,S2,1,87,Marketing,Bekasi,69.11
301,51,0,13721,S1,18,92,IT,Karawang,88.12
302,57,0,5276,SMA,31,24,Production,Karawang,79.18
303,52,1,13771,S2,30,78,IT,Bogor,69.82
304,38,0,3079,D3,20,88,Production,Bekasi,64.66
305,18,1,9973,SMA,0,42,Finance,Karawang,90.46
306,21,0,14171,S2,2,39,Production,Bogor,75.98
307,58,1,6438,S1,35,61,HR,Bandung,78.03
308,60,1,11637,D3,21,53,Production,Sukabumi,92.13
309,18,1,6899,S1,0,27,Finance,Bekasi,77.25
310,41,1,6824,SMA,22,0,IT,Bogor,66.4
311,58,0,10447,S1,35,25,Production,Bekasi,69.38
312,58,0,5415,S1,30,95,HR,Bogor,84.15
313,37,1,3729,D3,7,58,Marketing,Bekasi,82.09
314,23,1,14703,SMA,4,62,Marketing,Bogor,81.61
315,42,0,3938,S1,11,9,IT,Karawang,76.13
316,27,1,9831,SMA,2,16,Marketing,Bekasi,76.13
317,51,1,4929,S2,10,5,IT,Bandung,64.37
318,19,0,5306,S1,0,37,Finance,Bandung,69.48
319,25,0,3326,S2,6,2,Marketing,Bandung,77.67
320,46,1,7124,S1,25,55,HR,Karawang,100.0
321,30,0,3274,SMA,3,10,Marketing,Bekasi,81.89
322,32,1,11506,S2,0,88,Production,Karawang,78.86
323,19,1,7391,SMA,0,79,Marketing,Karawang,77.58
324,41,0,14782,S2,7,30,Finance,Karawang,61.73
325,33,0,10517,S2,13,88,Production,Sukabumi,74.74
326,55,0,9781,S1,11,39,Marketing,Bogor,77.82
327,52,0,14966,D3,32,37,HR,Bekasi,71.07
328,47,1,12943,SMA,29,32,IT,Karawang,68.43
329,41,0,8134,S1,3,4,Finance,Bogor,81.97
330,19,0,8242,S1,0,95,Finance,Karawang,56.92
331,54,0,5314,SMA,26,84,IT,Bogor,70.6
332,44,1,3718,D3,17,95,Production,Karawang,64.52
333,39,1,11070,S2,9,38,Marketing,Bogor,65.32
334,60,0,6009,SMA,5,1,HR,Bandung,69.57
335,31,1,13210,D3,11,3,Production,Bekasi,84.0
336,56,0,4256,S1,20,56,Production,Bandung,84.33
337,48,1,5226,S1,15,12,Marketing,Sukabumi,85.63
338,30,1,6008,S1,6,12,IT,Bandung,59.28
339,51,1,6241,D3,6,22,Finance,Bekasi,86.33
340,39,1,11762,D3,20,100,Finance,Bekasi,100.0
341,35,1,4486,S2,7,23,Finance,Sukabumi,69.58
342,52,0,4336,S1,14,82,Finance,Bekasi,87.46
343,21,0,7937,D3,2,94,Finance,Bogor,64.19
344,45,0,10870,SMA,4,51,Marketing,Bandung,71.1
345,38,1,10148,SMA,11,88,Marketing,Sukabumi,66.06
346,30,0,5041,SMA,10,31,Finance,Bandung,73.19
347,55,0,7852,S1,31,30,Finance,Bogor,60.35
348,52,0,10751,S2,8,55,Marketing,Bandung,77.09
349,38,0,4904,S2,10,50,Finance,Sukabumi,67.24
350,57,1,5889,D3,38,91,IT,Bandung,76.56
351,31,0,10792,S1,0,23,Marketing,Bekasi,65.8
352,40,1,6498,D3,11,64,IT,Karawang,66.62
353,58,1,4768,S1,11,55,Marketing,Bogor,62.45
354,59,0,13012,D3,1,22,Marketing,Bandung,62.38
355,56,1,13722,SMA,6,30,Production,Sukabumi,65.39
356,31,1,6479,S2,8,80,Marketing,Bogor,72.29
357,48,0,5728,S2,8,41,Finance,Sukabumi,88.04
358,37,1,3942,S2,13,0,IT,Sukabumi,89.08
359,42,1,8973,D3,16,53,HR,Bekasi,76.31
360,52,1,8987,S1,0,47,HR,Karawang,96.61
361,46,1,11372,S2,20,89,Production,Sukabumi,83.71
362,44,0,11104,S1,17,28,Finance,Karawang,78.61
363,39,1,3950,SMA,2,3,IT,Bekasi,74.84
364,35,0,6320,S2,7,50,Production,Sukabumi,67.14
365,22,1,3440,S2,2,70,Production,Karawang,80.34
366,18,0,8489,SMA,0,69,Marketing,Sukabumi,72.97
367,60,0,14328,SMA,22,50,IT,Karawang,79.23
368,48,0,9992,SMA,19,7,Marketing,Karawang,72.68
369,45,1,8419,SMA,9,46,IT,Bandung,67.52
370,23,0,8029,D3,0,54,HR,Sukabumi,66.86
371,31,1,3372,S1,5,11,Finance,Sukabumi,68.67
372,20,1,8442,D3,2,21,IT,Sukabumi,68.52
373,47,0,3649,D3,19,3,Finance,Bogor,84.99
374,58,1,6921,D3,36,67,HR,Sukabumi,67.19
375,27,0,10466,S2,8,34,Marketing,Bekasi,70.98
376,33,0,14411,S2,4,10,Production,Karawang,69.43
377,52,0,7702,S2,26,96,HR,Bandung,59.88
378,39,0,6997,D3,16,48,IT,Bekasi,60.47
379,27,1,14537,SMA,4,48,Finance,Bandung,88.8
380,54,1,11828,SMA,10,85,HR,Bekasi,83.31
381,20,0,8853,S2,1,48,HR,Bogor,86.83
382,60,1,10882,D3,35,77,Finance,Bekasi,79.35
383,46,1,12565,S1,12,12,Production,Bogor,61.31
384,23,1,3808,S1,0,41,Production,Bekasi,82.43
385,46,1,12355,D3,1,58,HR,Sukabumi,69.36
386,38,1,12716,D3,19,59,IT,Bogor,58.65
387,26,0,8364,S2,6,31,Production,Sukabumi,76.3
388,37,0,12307,SMA,13,8,IT,Karawang,72.43
389,41,0,12491,D3,13,70,HR,Bogor,73.18
390,35,1,6847,SMA,14,17,Production,Bogor,76.01
391,41,0,10297,D3,5,21,Production,Bekasi,78.66
392,25,1,6173,S1,1,81,IT,Bekasi,74.69
393,34,0,5968,S2,10,85,Marketing,Bogor,81.95
394,46,1,14787,S2,2,63,IT,Bogor,85.26
395,37,1,12000,S2,14,37,IT,Bekasi,68.61
396,46,0,5596,S1,20,78,Production,Sukabumi,76.06
397,24,0,8186,SMA,6,21,HR,Bandung,74.31
398,34,0,10066,SMA,15,74,Production,Karawang,70.18
399,27,1,8274,S1,3,96,Production,Sukabumi,80.31
400,24,0,3199,SMA,5,35,HR,Bogor,71.1
401,28,1,3743,S1,10,88,Production,Karawang,70.04
402,20,0,6249,S2,2,64,IT,Bogor,55.12
403,53,0,6318,S2,35,59,Production,Bekasi,50.52
404,30,1,9580,S1,11,65,Marketing,Bekasi,76.0
405,30,1,8955,SMA,11,31,IT,Karawang,76.4
406,23,0,3704,D3,2,13,HR,Bandung,78.17
407,25,0,3418,SMA,1,3,HR,Sukabumi,79.93
408,27,1,13056,S2,0,78,IT,Bandung,69.8
409,59,0,6867,D3,32,41,Production,Sukabumi,80.76
410,55,1,4916,SMA,33,28,HR,Karawang,70.55
411,28,0,7767,SMA,5,5,Finance,Sukabumi,42.89
412,43,0,13099,S2,13,38,Marketing,Bandung,83.82
413,25,0,12874,D3,4,19,Production,Karawang,70.33
414,40,0,10083,D3,22,90,Production,Bandung,60.32
415,21,0,7941,D3,1,100,Production,Bekasi,86.76
416,21,0,11720,D3,1,14,HR,Karawang,73.33
417,24,1,7227,S1,4,76,Production,Sukabumi,77.79
418,20,0,6708,S2,1,70,HR,Bekasi,68.57
419,37,1,13185,D3,13,83,Finance,Bogor,77.7
420,53,0,3132,S2,19,55,Marketing,Bogor,58.35
421,29,0,6412,SMA,5,36,Finance,Sukabumi,76.89
422,26,0,5880,S2,6,100,Marketing,Karawang,59.97
423,38,0,10308,D3,5,1,Production,Bogor,85.87
424,44,0,11903,S2,11,33,Marketing,Sukabumi,80.93
425,42,1,5949,D3,4,55,Marketing,Sukabumi,65.42
426,60,1,3668,SMA,39,40,Marketing,Sukabumi,66.78
427,42,1,12121,D3,19,3,Production,Bogor,82.54
428,54,0,11751,D3,17,99,Finance,Karawang,76.06
429,44,1,3567,S2,14,58,IT,Bekasi,71.05
430,32,1,13246,D3,1,34,IT,Bogor,61.28
431,59,1,5405,S1,39,29,Production,Sukabumi,53.75
432,42,1,7027,D3,16,65,Marketing,Bekasi,75.71
433,32,1,9228,S2,6,38,IT,Sukabumi,81.26
434,25,0,13909,D3,0,97,HR,Sukabumi,62.37
435,50,1,8673,S2,18,46,IT,Sukabumi,78.06
436,55,0,12397,S2,33,23,Finance,Bekasi,66.72
437,60,1,14343,D3,17,76,Marketing,Karawang,67.86
438,50,0,6046,SMA,31,98,HR,Karawang,67.06
439,36,1,12498,SMA,10,88,Finance,Sukabumi,60.78
440,48,0,8084,D3,14,75,Finance,Bandung,71.64
441,23,0,3394,D3,3,63,HR,Karawang,69.32
442,48,1,5292,S1,22,4,Production,Bogor,71.76
443,35,0,13763,S1,12,32,Finance,Karawang,58.35
444,35,0,12152,S2,8,1,Finance,Karawang,68.1
445,60,0,13369,S2,6,74,HR,Bekasi,79.18
446,60,1,5010,S2,34,23,HR,Sukabumi,61.49
447,44,0,11285,SMA,14,12,Finance,Bekasi,74.1
448,48,0,13868,S2,6,5,Production,Bandung,77.0
449,28,0,6902,S2,4,35,Production,Sukabumi,71.42
450,56,0,9862,SMA,3,15,Finance,Bogor,78.89
451,41,1,3491,S2,16,19,Marketing,Bekasi,77.56
452,32,0,7167,D3,11,78,IT,Bekasi,75.0
453,60,0,6593,S1,15,27,HR,Karawang,76.59
454,19,0,4206,D3,1,10,Finance,Sukabumi,91.6
455,22,1,9803,D3,4,6,IT,Sukabumi,73.13
456,34,0,10547,S2,0,1,IT,Bogor,81.29
457,51,1,3423,SMA,29,48,Finance,Bogor,86.42
458,46,1,10947,D3,12,4,Marketing,Karawang,68.2
459,19,1,12447,D3,1,94,HR,Karawang,81.49
460,24,0,9753,SMA,5,66,Production,Bogor,74.37
461,18,1,5814,D3,0,33,Marketing,Sukabumi,77.79
462,38,1,13954,SMA,20,60,Marketing,Bandung,85.09
463,28,1,5922,S1,3,52,Marketing,Karawang,79.33
464,55,1,3909,S1,3,73,HR,Karawang,54.05
465,50,1,7158,SMA,28,37,Production,Bandung,73.83
466,31,1,9326,D3,9,57,Finance,Bandung,66.69
467,58,0,8971,D3,25,18,Marketing,Bekasi,60.07
468,21,0,7656,SMA,1,89,IT,Karawang,61.71
469,59,0,14974,S2,5,31,Production,Karawang,79.37
470,34,0,8299,D3,1,59,Marketing,Bandung,79.32
471,44,0,12694,S2,2,75,Production,Bogor,82.31
472,47,0,7765,S1,17,95,Finance,Bogor,73.93
473,20,1,7151,SMA,1,52,HR,Sukabumi,70.06
474,32,0,8653,S2,6,5,Finance,Sukabumi,87.24
475,41,1,7330,S2,22,93,HR,Karawang,86.33
476,26,1,9581,D3,2,12,Marketing,Bekasi,71.09
477,23,0,12990,S1,1,25,Production,Sukabumi,75.86
478,29,1,8051,S2,7,20,Finance,Bekasi,86.74
479,38,0,8191,D3,17,85,IT,Bogor,62.71
480,51,1,9198,S1,5,74,Marketing,Karawang,56.39
481,55,1,5814,S2,32,38,Production,Bogor,61.08
482,57,1,5232,S2,23,41,Production,Bandung,70.71
483,19,1,7348,S2,1,57,Marketing,Bandung,58.39
484,41,1,12823,S2,15,1,Marketing,Karawang,78.68
485,24,1,6016,D3,6,32,Production,Karawang,90.71
486,47,0,6349,SMA,12,66,HR,Bandung,83.73
487,46,0,7199,SMA,26,6,Marketing,Bandung,77.54
488,44,0,11647,S2,17,52,Finance,Karawang,56.92
489,51,1,6801,SMA,26,67,Finance,Bandung,78.99
490,27,0,11504,S2,7,97,IT,Bekasi,54.77
491,57,0,12966,S1,29,61,IT,Bandung,97.26
492,20,1,11674,D3,1,22,Production,Karawang,73.08
493,35,0,10407,D3,9,53,Finance,Sukabumi,87.13
494,52,1,6693,SMA,0,82,Marketing,Bogor,76.4
495,18,0,11311,D3,0,56,Production,Bandung,60.21
496,51,1,5791,SMA,6,86,Marketing,Bekasi,66.76
497,34,0,4927,S1,8,25,Production,Sukabumi,65.46
498,21,1,12368,SMA,1,69,HR,Sukabumi,70.87
499,19,0,6795,SMA,1,83,Marketing,Karawang,71.49
500,28,1,14271,SMA,3,75,Production,Bandung,67.75
501,39,1,4428,S2,8,78,Marketing,Sukabumi,85.0
502,33,0,6345,S2,12,78,Production,Bekasi,91.48
503,29,1,5255,SMA,3,37,Production,Karawang,58.43
504,32,0,12589,D3,9,49,Production,Bogor,74.82
505,25,1,3134,S1,0,76,HR,Karawang,99.79
506,39,0,5206,S1,20,54,Marketing,Karawang,85.51
507,34,0,7610,S2,14,74,IT,Bekasi,62.85
508,50,0,3401,S1,12,88,Production,Bandung,68.81
509,22,1,6129,S2,1,63,Marketing,Bogor,87.1
510,34,1,6623,D3,0,22,Finance,Sukabumi,76.83
511,33,0,5064,S2,9,72,Finance,Bekasi,62.93
512,20,1,12804,D3,2,5,IT,Sukabumi,76.55
513,46,1,4283,SMA,5,41,HR,Bogor,63.56
514,35,1,13126,SMA,17,8,IT,Bogor,75.47
515,58,0,4966,D3,26,38,IT,Sukabumi,81.08
516,26,1,10355,SMA,5,92,IT,Bogor,71.27
517,32,1,9657,S1,2,80,HR,Bekasi,71.84
518,18,1,3613,D3,0,24,IT,Bekasi,75.45
519,30,0,5477,D3,7,90,Production,Sukabumi,68.23
520,22,0,9823,S1,0,75,Production,Bekasi,69.13
521,35,1,8000,S2,11,7,IT,Bogor,78.25
522,53,0,5529,SMA,35,89,IT,Bekasi,79.65
523,43,0,3472,S2,24,30,Finance,Bandung,71.08
524,47,1,14475,S2,24,39,IT,Bandung,89.74
525,57,1,10288,SMA,14,66,Finance,Sukabumi,76.39
526,47,0,7816,SMA,1,17,Marketing,Sukabumi,100.0
527,60,1,7974,S1,29,31,HR,Bandung,66.91
528,37,0,13549,S2,2,52,IT,Bandung,69.99
529,55,0,3276,D3,13,63,HR,Bekasi,74.99
530,30,0,4574,D3,2,63,Marketing,Bogor,66.06
531,55,1,6955,SMA,33,58,Marketing,Karawang,72.2
532,43,0,10744,S1,19,66,Marketing,Sukabumi,62.96
533,51,1,7416,SMA,30,99,Production,Bandung,79.54
534,25,0,10428,SMA,4,65,Marketing,Karawang,78.82
535,36,0,11524,D3,0,73,Marketing,Sukabumi,86.81
536,31,1,11691,S2,5,44,Finance,Karawang,63.47
537,35,1,4530,S2,17,53,Finance,Sukabumi,100.0
538,38,1,3393,S1,20,25,IT,Bandung,84.22
539,56,0,12680,D3,35,21,HR,Bekasi,84.02
540,59,0,13633,S1,9,24,Production,Bogor,79.48
541,47,0,4168,D3,18,62,HR,Karawang,79.41
542,57,1,5855,S1,15,32,Marketing,Bogor,91.46
543,25,0,3662,S2,6,40,IT,Karawang,76.39
544,21,0,11052,D3,0,25,Production,Sukabumi,66.39
545,53,0,8967,D3,35,66,Production,Bogor,96.59
546,25,0,13864,SMA,6,11,HR,Sukabumi,76.73
547,38,0,13216,SMA,16,60,Marketing,Bekasi,71.68
548,39,0,11330,S1,12,3,HR,Karawang,69.4
549,24,0,11057,SMA,1,66,Finance,Sukabumi,72.5
550,49,0,8042,S1,6,9,Production,Bogor,90.26
551,40,0,6239,SMA,12,19,IT,Karawang,70.18
552,47,0,3944,D3,16,98,Marketing,Bogor,56.22
553,43,1,9146,SMA,23,16,IT,Bandung,62.58
554,29,0,13982,SMA,4,2,Finance,Bekasi,94.26
555,51,1,5259,SMA,10,9,Finance,Sukabumi,100.0
556,19,1,5180,S2,0,72,Marketing,Sukabumi,79.34
557,24,1,11451,S1,3,62,Production,Bekasi,77.25
558,39,1,3304,S1,18,98,Production,Bogor,82.09
559,28,0,3162,D3,6,92,HR,Bandung,64.96
560,32,0,13632,S1,3,23,HR,Bandung,63.3
561,24,1,4319,SMA,4,17,Production,Bekasi,60.68
562,34,1,12672,SMA,16,82,Marketing,Karawang,85.69
563,50,0,10128,S1,12,4,Finance,Bekasi,73.63
564,37,0,7249,S2,9,82,IT,Karawang,80.03
565,43,0,6504,D3,22,14,IT,Bandung,83.12
566,51,1,6047,S2,3,64,Marketing,Bandung,48.56
567,19,0,5380,SMA,1,36,Production,Sukabumi,89.69
568,34,1,12184,S2,13,61,Finance,Sukabumi,58.57
569,32,1,12309,S1,2,48,Marketing,Sukabumi,66.47
570,20,1,6480,D3,2,31,HR,Sukabumi,68.39
571,39,0,7696,S1,5,42,IT,Bekasi,80.17
572,45,0,3640,S2,20,22,HR,Sukabumi,86.39
573,34,1,12345,S2,16,22,Finance,Karawang,91.89
574,32,0,4489,D3,14,10,HR,Bekasi,80.22
575,33,0,10257,D3,4,4,Finance,Bogor,81.78
576,58,1,8459,SMA,22,48,Marketing,Sukabumi,61.97
577,45,0,14372,S2,12,98,HR,Sukabumi,73.71
578,44,0,14572,S1,8,69,Marketing,Sukabumi,69.04
579,50,0,4616,D3,22,20,Finance,Bekasi,64.15
580,50,1,13468,S2,5,6,Marketing,Bandung,73.6
581,53,0,6717,SMA,22,58,Marketing,Bogor,74.16
582,43,0,12132,D3,1,10,Production,Bandung,71.41
583,49,1,11186,S2,12,9,IT,Sukabumi,73.83
584,56,0,3426,D3,7,96,Finance,Bogor,73.3
585,52,0,11642,S1,10,94,Marketing,Bekasi,81.52
586,46,1,7721,S2,15,78,Finance,Bandung,67.69
587,19,1,10779,S1,0,53,Production,Bekasi,75.81
588,26,1,8970,D3,4,45,Production,Karawang,70.27
589,31,1,7224,SMA,7,88,IT,Bogor,84.96
590,21,0,4693,S2,3,84,IT,Bogor,75.11
591,52,0,9860,D3,28,43,IT,Bandung,84.07
592,36,1,7338,SMA,17,39,HR,Bekasi,91.6
593,55,1,11200,D3,12,32,Marketing,Bekasi,68.39
594,21,1,7588,D3,1,37,Finance,Bogor,92.56
595,36,1,12502,D3,9,41,Finance,Bandung,74.88
596,21,1,3564,D3,0,15,Marketing,Bekasi,76.57
597,54,1,6044,SMA,25,13,Production,Bekasi,66.17
598,49,1,10930,S2,0,43,HR,Bandung,57.18
599,41,1,4804,D3,0,50,Finance,Bogor,92.98
600,42,0,6847,SMA,15,97,Finance,Bogor,90.49
601,31,0,4349,S1,4,1,HR,Sukabumi,80.29
602,28,1,7367,D3,3,97,IT,Bandung,72.88
603,44,0,6454,D3,24,54,Production,Bekasi,71.71
604,37,1,3299,D3,15,64,IT,Bekasi,89.74
605,56,0,7447,SMA,18,28,Marketing,Bekasi,76.16
606,32,0,4444,S2,1,72,HR,Bekasi,74.5
607,21,1,11959,D3,1,88,HR,Sukabumi,82.86
608,31,0,5992,SMA,3,96,Marketing,Bekasi,77.87
609,24,0,5314,S2,4,34,IT,Bogor,73.15
610,20,1,4616,S2,2,77,IT,Sukabumi,76.32
611,60,0,14571,SMA,42,69,Production,Bekasi,70.5
612,40,1,5500,SMA,11,21,HR,Karawang,77.09
613,28,1,9619,SMA,6,27,Production,Bekasi,73.23
614,41,0,14895,D3,18,59,IT,Bandung,76.59
615,33,1,14560,S1,12,67,Finance,Bekasi,76.22
616,42,0,5342,D3,5,58,HR,Bekasi,80.22
617,49,1,9316,SMA,17,6,HR,Bekasi,63.39
618,49,1,4745,SMA,4,63,IT,Bogor,77.26
619,49,1,10459,D3,12,35,Production,Bogor,73.81
620,24,1,13274,S2,0,36,Finance,Bandung,75.59
621,35,0,14162,D3,2,96,Marketing,Bekasi,73.68
622,33,1,6083,S2,8,25,IT,Bogor,74.8
623,27,0,13337,S1,8,10,Finance,Bogor,67.6
624,18,0,10395,S1,0,48,Production,Sukabumi,86.86
625,38,0,8797,SMA,9,12,Marketing,Bekasi,83.83
626,54,0,12641,S2,16,42,IT,Bandung,65.66
627,55,1,7978,S1,30,7,Finance,Karawang,79.87
628,23,0,6988,SMA,1,98,IT,Bogor,66.83
629,55,0,8590,SMA,13,100,Finance,Bekasi,67.24
630,22,1,9107,SMA,0,68,HR,Sukabumi,86.58
631,56,0,10088,S1,35,79,Marketing,Sukabumi,75.91
632,58,1,5461,D3,28,16,HR,Sukabumi,91.83
633,39,1,9054,D3,17,46,Marketing,Bandung,75.31
634,26,1,8561,D3,6,11,HR,Bekasi,61.37
635,18,1,6106,S2,0,4,IT,Bekasi,60.79
636,36,0,7925,S1,8,72,Marketing,Bekasi,79.24
637,47,0,14807,SMA,28,56,Production,Bandung,75.05
638,23,0,6363,S1,1,34,IT,Karawang,73.81
639,55,0,6095,S2,10,5,IT,Bekasi,79.14
640,19,1,8351,S1,0,68,HR,Karawang,88.38
641,59,1,5423,S1,38,49,Marketing,Bekasi,62.09
642,38,1,10623,S1,0,14,IT,Bandung,58.66
643,25,1,9322,D3,2,94,Marketing,Bekasi,61.03
644,20,1,5460,S1,2,98,IT,Bogor,75.21
645,39,0,13529,SMA,9,8,Marketing,Sukabumi,89.27
646,49,0,8534,SMA,29,90,IT,Bandung,84.09
647,30,1,7727,D3,6,13,Finance,Bandung,81.03
648,60,1,7599,SMA,0,56,IT,Bogor,93.1
649,31,0,3508,SMA,1,63,Production,Sukabumi,92.09
650,27,1,9244,SMA,9,30,Production,Bekasi,75.4
651,54,0,9449,S2,32,0,Marketing,Bekasi,73.01
652,31,0,8091,S2,13,38,HR,Bekasi,70.59
653,51,1,10933,S1,28,86,Production,Sukabumi,68.12
654,55,1,9136,D3,23,39,HR,Bandung,63.72
655,29,0,7256,SMA,1,7,IT,Sukabumi,71.01
656,37,1,8826,S2,3,27,HR,Karawang,78.97
657,48,0,5142,D3,29,69,Finance,Karawang,61.83
658,46,1,12927,SMA,28,49,IT,Bandung,78.56
659,57,0,7317,D3,25,33,Production,Karawang,58.72
660,22,0,13266,S2,0,97,IT,Bekasi,66.56
661,45,1,8460,S2,3,50,Marketing,Bandung,65.49
662,47,1,5554,SMA,14,29,Marketing,Bogor,66.41
663,35,1,14929,SMA,4,73,IT,Karawang,75.85
664,23,1,4007,S1,4,21,HR,Sukabumi,69.12
665,55,1,10746,S2,18,19,Production,Karawang,79.07
666,40,1,11571,S2,6,6,Finance,Bandung,62.24
667,29,1,13015,S2,0,48,Marketing,Sukabumi,81.05
668,18,0,7752,SMA,0,20,Finance,Karawang,65.23
669,37,1,11172,D3,18,88,IT,Bekasi,58.48
670,58,1,3005,S2,11,28,Marketing,Bandung,75.71
671,43,0,8051,S2,2,18,HR,Bogor,76.98
672,46,0,6225,D3,26,93,HR,Karawang,67.42
673,21,0,8991,S2,3,81,Production,Bandung,62.32
674,51,1,12485,S1,32,72,IT,Bekasi,66.26
675,46,1,8106,SMA,11,37,Marketing,Bogor,88.6
676,34,1,14729,S1,8,93,HR,Sukabumi,88.07
677,36,0,14917,D3,17,89,IT,Bogor,88.63
678,25,1,4047,S2,7,60,HR,Bogor,71.87
679,20,1,5428,S1,1,16,Finance,Karawang,67.67
680,45,0,6535,SMA,18,89,Finance,Bandung,63.04
681,19,1,12036,D3,0,48,Production,Sukabumi,60.71
682,21,0,13146,SMA,0,3,Finance,Bandung,82.32
683,42,0,10640,SMA,16,86,Marketing,Sukabumi,63.14
684,31,0,6450,S1,12,68,Marketing,Bogor,71.43
685,26,1,13547,S2,1,14,IT,Bandung,68.93
686,31,1,11176,S2,10,97,Production,Bekasi,66.93
687,20,1,4202,D3,2,88,Marketing,Bekasi,81.93
688,36,0,12840,D3,1,9,Finance,Karawang,65.8
689,19,0,9373,S1,0,52,Production,Karawang,76.9
690,48,1,3298,D3,12,32,Finance,Bogor,79.65
691,29,1,8365,S1,1,68,Finance,Bogor,81.62
692,23,1,9842,D3,1,93,Marketing,Bogor,66.6
693,40,1,4317,D3,10,7,Production,Sukabumi,71.73
694,40,0,11003,S2,17,14,IT,Bandung,76.09
695,52,0,3587,S1,19,96,Finance,Karawang,68.86
696,25,1,6644,S1,3,86,IT,Bekasi,68.55
697,29,0,12181,S1,5,50,Finance,Bandung,65.31
698,41,0,11774,S1,11,8,HR,Sukabumi,54.57
699,49,0,14368,SMA,12,21,IT,Bandung,72.65
700,26,0,11485,SMA,7,81,Production,Bandung,68.34
701,20,0,12087,SMA,2,76,IT,Karawang,76.08
702,38,0,8533,S1,9,69,Marketing,Sukabumi,72.44
703,37,1,7700,S2,8,23,Production,Bekasi,51.26
704,18,0,7684,S2,0,36,IT,Sukabumi,58.03
705,58,1,12477,SMA,7,45,IT,Bekasi,80.37
706,34,1,5637,D3,14,59,Production,Karawang,55.35
707,32,0,3694,S2,6,36,Marketing,Karawang,77.65
708,33,1,7698,D3,8,26,Finance,Sukabumi,68.04
709,50,1,11901,SMA,3,42,IT,Bandung,75.44
710,39,0,9744,D3,21,18,HR,Bandung,100.0
711,59,0,10226,SMA,18,42,Finance,Sukabumi,76.59
712,60,0,9960,D3,31,95,Marketing,Bekasi,67.44
713,38,1,6758,S1,9,12,Finance,Bandung,67.95
714,46,1,6700,S1,12,95,Marketing,Bandung,76.07
715,49,0,12632,S1,30,95,HR,Bogor,57.76
716,50,1,5036,SMA,28,71,Finance,Sukabumi,81.4
717,41,0,10385,S2,23,30,Marketing,Bogor,64.07
718,33,1,6006,SMA,13,93,Production,Bandung,79.03
719,31,0,4394,SMA,6,7,Production,Bogor,85.93
720,60,1,11064,S2,39,37,IT,Sukabumi,78.11
721,22,0,8782,D3,2,62,Production,Sukabumi,83.01
722,27,1,11153,S1,0,80,IT,Sukabumi,70.64
723,31,0,10597,D3,8,77,Marketing,Sukabumi,73.4
724,32,0,4302,S1,13,9,Marketing,Sukabumi,78.28
725,50,1,8414,S1,15,61,Production,Bekasi,68.38
726,57,0,14533,S1,1,64,Production,Bekasi,59.6
727,32,1,6063,D3,7,19,HR,Bandung,55.84
728,36,1,14203,S1,16,96,HR,Karawang,74.82
729,43,0,3720,S1,11,14,HR,Sukabumi,64.39
730,54,0,4374,S1,33,85,HR,Bandung,72.3
731,26,1,12164,S2,5,44,IT,Sukabumi,87.37
732,18,0,5328,S1,0,78,Marketing,Sukabumi,54.94
733,30,1,8588,S2,8,11,Marketing,Karawang,80.06
734,42,0,13745,S1,19,5,Production,Karawang,82.46
735,60,0,8479,S1,11,54,HR,Karawang,66.33
736,46,1,14999,S1,25,7,Finance,Bekasi,77.32
737,26,1,6036,D3,7,19,IT,Bogor,59.96
738,59,0,8794,S2,13,29,Marketing,Bogor,58.33
739,50,1,5055,SMA,26,8,Finance,Sukabumi,96.63
740,59,1,4897,S2,36,32,HR,Bogor,78.57
741,28,0,14736,S1,0,43,Production,Sukabumi,62.96
742,26,1,10409,D3,5,84,HR,Bekasi,70.39
743,54,1,8367,SMA,21,83,Production,Bekasi,86.08
744,45,0,5894,SMA,4,88,Finance,Bandung,98.77
745,59,0,11809,S1,28,76,Production,Sukabumi,81.73
746,25,1,6304,S1,1,55,HR,Karawang,75.45
747,33,0,11283,S2,15,4,Marketing,Karawang,89.76
748,41,1,14891,S1,22,73,Marketing,Bandung,86.48
749,47,0,8117,SMA,14,0,HR,Bandung,77.99
750,19,1,13463,D3,0,93,Production,Bekasi,69.2
751,28,1,12312,SMA,5,19,Production,Karawang,78.4
752,21,1,12277,SMA,1,44,IT,Sukabumi,90.81
753,53,1,13154,D3,21,43,Production,Bandung,71.64
754,56,0,13082,SMA,23,27,Finance,Sukabumi,74.71
755,44,1,12908,D3,12,81,HR,Karawang,57.62
756,26,0,10830,S2,1,79,Production,Sukabumi,82.53
757,53,0,13566,S2,15,65,Marketing,Bekasi,76.81
758,32,1,9410,SMA,13,10,Finance,Bogor,79.25
759,58,1,6946,SMA,30,75,Marketing,Bandung,78.19
760,47,1,10916,S2,18,98,Production,Bekasi,76.08
761,32,1,11141,SMA,10,52,HR,Sukabumi,87.01
762,39,0,13957,SMA,10,44,Finance,Karawang,70.82
763,49,0,9391,S1,9,85,HR,Bandung,78.92
764,32,1,3476,S1,10,24,Marketing,Bogor,64.94
765,56,0,13091,SMA,31,59,Finance,Karawang,83.62
766,38,1,3685,S1,0,19,Finance,Karawang,78.98
767,33,1,13982,D3,4,4,Production,Bandung,73.54
768,58,1,14651,D3,21,28,HR,Bogor,57.75
769,59,1,14803,S2,12,99,Marketing,Bogor,70.35
770,33,0,7196,S2,15,15,Marketing,Karawang,87.73
771,37,0,3641,SMA,2,99,HR,Sukabumi,84.59
772,30,1,14044,S2,8,59,Production,Bogor,76.7
773,21,1,3674,S1,3,74,Marketing,Bandung,64.14
774,49,1,3656,S2,27,62,Finance,Bogor,75.68
775,30,0,4853,S2,4,91,HR,Bandung,64.22
776,46,1,4907,SMA,12,14,Production,Bekasi,71.18
777,40,1,12396,S2,16,40,HR,Bogor,76.02
778,47,1,5774,SMA,3,27,IT,Bekasi,89.97
779,42,0,8067,S2,23,82,Finance,Bandung,66.68
780,38,0,13088,S2,17,76,HR,Bogor,61.28
781,40,1,13107,SMA,7,0,Finance,Sukabumi,97.56
782,40,1,11040,S1,18,16,IT,Karawang,68.01
783,20,1,13618,S2,2,26,IT,Bandung,80.48
784,19,1,11431,S1,1,58,HR,Bekasi,68.88
785,49,0,6410,SMA,20,98,IT,Bandung,67.49
786,26,1,10960,D3,2,5,Finance,Sukabumi,76.03
787,38,1,5508,S1,17,34,IT,Bogor,69.29
788,38,0,3010,S1,6,63,IT,Bekasi,79.25
789,50,0,7870,S2,26,1,Production,Bandung,54.17
790,18,0,6918,S2,0,59,Marketing,Bandung,65.67
791,33,1,4582,D3,1,51,IT,Bekasi,64.41
792,57,0,9347,S1,10,8,Finance,Bandung,92.76
793,48,0,14333,SMA,20,85,Finance,Bogor,90.01
794,45,1,7761,SMA,0,60,Production,Sukabumi,74.75
795,53,0,9137,S2,29,19,Finance,Sukabumi,68.16
796,45,1,13133,D3,1,50,IT,Bekasi,46.07
797,43,1,4760,D3,25,1,IT,Sukabumi,87.14
798,60,1,6353,S2,15,7,IT,Sukabumi,86.11
799,40,0,11725,SMA,2,43,Production,Bandung,56.27
800,36,1,6990,S1,11,25,Marketing,Bekasi,77.46
801,23,1,12470,D3,3,83,Finance,Bekasi,56.59
802,53,1,4126,SMA,7,11,Finance,Bandung,78.11
803,56,1,11974,S2,24,35,Finance,Bandung,69.29
804,54,0,5730,SMA,19,42,Marketing,Bekasi,78.89
805,59,1,11510,S1,0,17,Marketing,Bandung,90.25
806,45,1,4400,SMA,1,18,HR,Sukabumi,81.22
807,37,1,4646,D3,15,38,Marketing,Karawang,64.56
808,30,0,11701,S1,3,56,Production,Bekasi,57.31
809,20,1,11623,SMA,1,1,IT,Bekasi,73.82
810,45,0,10712,SMA,2,13,Marketing,Bogor,62.22
811,58,0,3263,D3,20,36,Marketing,Karawang,89.82
812,37,1,8542,S2,2,47,Finance,Bekasi,87.78
813,20,0,10647,S1,2,69,HR,Sukabumi,53.15
814,54,1,8772,SMA,26,87,Finance,Bekasi,65.59
815,51,0,3392,D3,14,24,Marketing,Bogor,82.27
816,59,0,12136,S1,41,32,IT,Bekasi,81.84
817,58,0,8255,S2,28,41,HR,Bekasi,63.93
818,51,1,4477,S1,25,39,IT,Bogor,76.99
819,23,1,3753,D3,4,92,Marketing,Bekasi,85.88
820,20,1,12084,SMA,1,67,Marketing,Bekasi,66.12
821,49,1,12696,SMA,22,47,HR,Bogor,72.94
822,47,1,11893,SMA,24,78,Finance,Karawang,73.47
823,41,1,11339,S1,19,53,Marketing,Bandung,74.43
824,56,0,6093,SMA,10,37,Finance,Sukabumi,85.55
825,32,1,12156,D3,13,86,HR,Sukabumi,78.37
826,31,0,12714,S1,10,96,HR,Bandung,100.0
827,26,1,7562,SMA,5,2,Finance,Karawang,68.4
828,51,0,6241,D3,24,29,HR,Bandung,67.9
829,48,0,5622,SMA,15,30,Marketing,Karawang,85.24
830,18,1,8052,SMA,0,12,Finance,Sukabumi,81.94
831,21,1,13537,D3,2,12,Finance,Bandung,74.93
832,29,0,3070,S2,8,1,Marketing,Bogor,68.02
833,50,1,10522,SMA,16,60,Marketing,Bekasi,66.94
834,59,1,7049,D3,40,38,IT,Bekasi,69.27
835,60,0,12408,S1,6,5,HR,Karawang,85.41
836,22,1,6350,S2,3,50,HR,Bandung,66.28
837,18,0,4033,S1,0,30,Marketing,Bekasi,79.06
838,37,0,11922,S2,4,31,Finance,Bekasi,94.08
839,58,0,9253,D3,0,72,IT,Sukabumi,76.21
840,20,1,13264,S1,1,42,Marketing,Bekasi,80.29
841,58,0,13232,S2,19,97,Finance,Bekasi,84.63
842,56,0,3209,D3,38,11,Marketing,Karawang,79.77
843,36,0,14799,SMA,14,23,Marketing,Karawang,100.0
844,37,1,3887,S1,18,89,IT,Karawang,71.15
845,50,0,5514,S1,26,95,Production,Bekasi,81.3
846,46,0,10230,S2,26,55,Finance,Karawang,85.19
847,44,0,14570,S2,26,11,IT,Bandung,70.2
848,54,0,12062,S2,13,17,IT,Sukabumi,83.57
849,44,1,7784,SMA,7,49,IT,Bekasi,81.74
850,36,0,10905,SMA,13,38,Finance,Bogor,71.66
851,23,0,10203,SMA,0,24,Finance,Karawang,65.41
852,25,0,11067,S2,7,69,IT,Karawang,85.49
853,18,0,7816,S1,0,2,Finance,Karawang,86.02
854,42,1,4256,S1,17,1,Production,Bekasi,83.67
855,51,1,10438,SMA,6,56,IT,Karawang,62.66
856,45,0,3028,SMA,26,58,Marketing,Bogor,84.28
857,18,1,3947,D3,0,52,Production,Bekasi,72.01
858,54,0,9572,S2,14,15,Finance,Bogor,63.04
859,19,1,8397,D3,1,6,HR,Bandung,68.02
860,48,1,4375,SMA,1,35,Production,Sukabumi,69.03
861,49,0,6819,SMA,20,35,Production,Bogor,53.72
862,29,0,11855,S1,4,79,Finance,Bogor,70.6
863,18,0,11516,S2,0,29,Finance,Bekasi,70.21
864,23,1,13272,S1,5,46,IT,Sukabumi,87.29
865,52,1,6554,D3,8,7,Finance,Bogor,76.89
866,19,0,8156,S2,1,22,Marketing,Sukabumi,79.18
867,38,1,13606,D3,7,1,Finance,Bekasi,77.25
868,21,1,11677,D3,0,89,Finance,Bekasi,75.86
869,50,1,7846,SMA,28,93,Marketing,Bandung,75.2
870,28,1,3300,S1,7,54,Production,Bekasi,65.28
871,31,1,12868,S2,10,84,IT,Bogor,78.9
872,39,0,4601,S1,12,86,Marketing,Sukabumi,63.75
873,44,0,13715,D3,13,16,Finance,Bekasi,80.06
874,34,1,12999,S1,6,7,IT,Bandung,77.38
875,24,0,7836,S2,6,39,Finance,Bekasi,100.0
876,58,0,3506,SMA,2,5,Production,Bogor,62.57
877,41,1,4085,SMA,14,86,HR,Bandung,82.7
878,19,1,3094,S2,0,81,HR,Bandung,64.67
879,46,0,5967,S1,26,2,Production,Bogor,67.99
880,27,1,8496,D3,8,21,Finance,Bekasi,84.62
881,57,1,9998,SMA,30,33,Finance,Sukabumi,82.49
882,50,0,11907,D3,2,53,IT,Sukabumi,58.49
883,51,0,6798,S1,14,81,Marketing,Karawang,63.43
884,45,0,14961,S1,12,86,IT,Sukabumi,81.84
885,36,1,13769,S2,12,54,HR,Bogor,81.06
886,43,0,12204,S1,20,35,IT,Karawang,71.32
887,59,0,11956,D3,10,26,HR,Sukabumi,70.86
888,37,1,5087,D3,17,64,HR,Sukabumi,69.14
889,55,0,8703,D3,33,34,HR,Karawang,78.78
890,37,0,4474,S2,16,7,Marketing,Bekasi,80.41
891,60,1,7199,S1,8,45,Production,Bandung,88.66
892,48,1,11801,SMA,27,32,HR,Bandung,79.63
893,48,1,4601,SMA,10,69,HR,Karawang,74.34
894,33,1,11601,S1,10,100,Marketing,Karawang,75.1
895,30,0,8843,S2,1,29,HR,Karawang,77.82
896,32,0,14583,S2,1,30,Finance,Bogor,77.54
897,51,1,13826,S2,24,100,IT,Karawang,79.51
898,44,1,10214,D3,4,18,Finance,Karawang,71.84
899,18,0,7294,SMA,0,51,Marketing,Bogor,80.48
900,52,0,3240,S2,18,58,Marketing,Bogor,85.91
901,48,0,7524,S2,15,61,Marketing,Sukabumi,78.17
902,48,0,7654,SMA,21,71,HR,Bandung,85.82
903,19,1,9187,S2,0,53,Marketing,Bekasi,72.07
904,41,0,11579,D3,8,31,Finance,Sukabumi,67.18
905,59,1,11581,S1,28,83,Marketing,Bogor,67.77
906,52,0,14423,S2,34,78,HR,Bandung,96.96
907,19,1,4248,S1,0,26,HR,Bandung,73.15
908,20,0,11483,SMA,1,86,Production,Bandung,90.15
909,36,0,3823,S2,16,3,Marketing,Bandung,79.45
910,60,0,5930,S2,6,18,Finance,Bekasi,64.3
911,32,0,13028,S2,5,73,HR,Bandung,70.16
912,46,1,9804,D3,21,38,Marketing,Bekasi,66.85
913,27,0,14527,S1,7,97,Production,Sukabumi,55.2
914,60,0,3993,S1,40,65,Marketing,Bekasi,82.44
915,51,0,8049,S1,25,38,Finance,Bogor,82.74
916,60,0,4708,S1,15,56,IT,Bogor,82.95
917,60,1,5377,S2,34,49,Finance,Bogor,78.53
918,23,1,5973,D3,1,27,Finance,Bogor,69.97
919,45,0,12544,D3,20,79,Production,Bandung,73.82
920,47,0,10279,S1,25,49,Finance,Bandung,77.53
921,34,1,5773,SMA,11,13,Marketing,Bogor,72.15
922,34,0,5917,SMA,12,86,IT,Sukabumi,72.64
923,27,0,6162,S1,8,87,HR,Bekasi,76.9
924,20,0,12260,SMA,1,63,Marketing,Sukabumi,72.95
925,49,1,8014,S1,30,67,IT,Bogor,72.87
926,60,1,12400,SMA,34,94,Production,Karawang,75.9
927,19,0,5487,S1,1,25,Finance,Karawang,61.33
928,18,0,12143,S1,0,97,Marketing,Karawang,78.73
929,58,1,14946,S1,22,15,Marketing,Bogor,95.68
930,28,1,7988,S2,4,45,Finance,Karawang,86.48
931,42,0,8340,SMA,10,93,Finance,Bandung,89.83
932,19,1,3044,SMA,0,36,Finance,Bekasi,63.55
933,50,1,5276,S1,17,90,HR,Bogor,89.27
934,23,1,13608,S2,2,31,IT,Bogor,80.39
935,43,1,14747,S2,24,11,IT,Bandung,77.18
936,58,1,8287,SMA,10,50,Marketing,Bandung,82.02
937,34,0,6350,S2,16,80,IT,Karawang,79.85
938,36,1,10099,S1,16,98,HR,Bekasi,72.04
939,28,0,13856,S1,10,64,Production,Bandung,73.36
940,57,0,9207,D3,35,14,HR,Sukabumi,68.81
941,51,0,14888,S2,0,65,HR,Karawang,98.34
942,50,1,5863,S1,29,57,Marketing,Karawang,96.1
943,28,1,7993,S2,4,85,Finance,Bogor,65.79
944,60,1,6494,S2,41,94,Marketing,Sukabumi,79.76
945,60,0,13352,D3,18,79,IT,Karawang,77.13
946,45,1,12240,SMA,18,7,Marketing,Bogor,49.59
947,22,1,5993,SMA,4,45,Finance,Sukabumi,75.97
948,18,1,9533,D3,0,68,HR,Bandung,91.74
949,57,0,14047,D3,17,93,Production,Sukabumi,69.6
950,33,1,14665,S2,11,13,HR,Sukabumi,76.82
951,23,1,13463,D3,5,69,Finance,Sukabumi,77.97
952,33,1,9295,D3,4,39,Finance,Bandung,92.66
953,34,0,8175,S2,10,26,Marketing,Bekasi,72.7
954,51,1,11006,S1,31,62,IT,Bandung,61.47
955,47,1,11409,D3,5,21,Marketing,Bandung,66.24
956,29,0,7254,SMA,5,87,IT,Bekasi,78.31
957,49,0,10452,S2,18,66,Production,Sukabumi,85.66
958,56,0,7990,D3,29,21,Finance,Karawang,81.91
959,56,0,9440,S2,36,92,Production,Bekasi,83.86
960,31,1,9338,S1,8,49,IT,Bandung,67.44
961,26,0,10371,D3,5,7,Production,Karawang,74.05
962,45,0,3445,SMA,15,32,HR,Bandung,80.57
963,50,0,12318,SMA,16,58,Finance,Sukabumi,73.96
964,30,1,12726,D3,0,50,Marketing,Bogor,77.35
965,51,1,8767,SMA,20,8,HR,Bogor,56.73
966,30,1,13930,SMA,10,3,Finance,Karawang,69.33
967,55,0,8539,SMA,11,56,Marketing,Bogor,76.71
968,53,1,4358,S2,34,2,Marketing,Bandung,72.34
969,22,1,7674,S1,4,30,HR,Bogor,83.6
970,46,1,11469,S2,8,73,Finance,Karawang,66.92
971,33,0,4939,S1,0,59,Production,Karawang,65.6
972,60,1,3985,SMA,5,83,Production,Bandung,56.98
973,38,0,8333,S1,8,22,Production,Bandung,81.1
974,29,1,5337,SMA,0,57,IT,Bandung,77.35
975,31,0,12170,S2,0,65,Finance,Bekasi,83.67
976,52,0,11182,D3,33,33,HR,Bekasi,63.77
977,18,1,7419,D3,0,27,Marketing,Sukabumi,68.65
978,51,1,3371,D3,2,47,IT,Bogor,80.23
979,22,1,11150,S2,4,40,Finance,Bogor,68.18
980,41,0,11268,SMA,19,92,HR,Karawang,63.97
981,22,1,14809,SMA,0,3,HR,Bandung,73.65
982,49,0,13584,S1,3,21,Marketing,Bandung,76.53
983,47,0,14008,SMA,16,96,IT,Karawang,82.58
984,25,0,10600,S1,1,62,HR,Sukabumi,82.8
985,59,1,14193,D3,41,24,Finance,Bandung,80.86
986,42,1,10379,S2,23,22,IT,Bandung,79.77
987,53,0,10133,S2,20,16,Production,Bekasi,84.94
988,34,0,14824,SMA,1,72,HR,Bandung,73.98
989,30,1,13577,SMA,4,15,HR,Bekasi,79.6
990,35,0,13534,D3,11,89,Finance,Karawang,79.87
991,40,0,3744,D3,19,11,IT,Sukabumi,68.6
992,46,1,11558,S2,11,20,HR,Sukabumi,80.22
993,35,1,13563,D3,17,12,IT,Bekasi,63.01
994,59,1,10526,D3,11,57,Finance,Bandung,66.67
995,30,1,5049,S2,0,89,Production,Bandung,65.7
996,40,1,3312,D3,22,25,Marketing,Sukabumi,86.01
997,26,1,14064,D3,4,60,Marketing,Bogor,79.0
998,18,0,4169,S1,0,83,HR,Bandung,85.31
999,34,1,4561,S1,10,5,IT,Bogor,54.08
